Изображение;Название;Цена;Описание;Артикул;"Ссылка на товар"
https://versal.ua/images/uploads//0b04dfeac40006e892fc9473382d77fc.jpg;"Женский спортивный костюм темно-серый";468;"Женский спортивный костюм темно-серый
Ткань: шерсть петля
Размеры: 42, 44, 46,   48-50, 52-54, 56-58+70грн
 ";"Код: 02340";https://versal.ua/zhenskaya-odezhda/sportivnye-kostyumy/trikotazhnye/zhenskiy-sportivnyy-kostyum-temno-seryy-1573042859.html
https://versal.ua/images/uploads//fdb451c7ac75338fa4bcdec2ce74af01.jpg;"Женский спортивный костюм светло-серый";468;"Женский спортивный костюм светло-серый
Ткань: шерсть петля
Размеры: 42, 44, 46,   48-50, 52-54, 56-58+70грн
 ";"Код: 02340";https://versal.ua/zhenskaya-odezhda/sportivnye-kostyumy/trikotazhnye/zhenskiy-sportivnyy-kostyum-svetlo-seryy-1573042590.html
https://versal.ua/images/uploads//66e0ce39713f1d41ff7b566c4a43decd.jpg;"Женский спортивный костюм джинс";468;"Женский спортивный костюм джинс
Ткань: шерсть петля
Размеры: 42, 44, 46,   48-50, 52-54, 56-58+70грн
 ";"Код: 02340";https://versal.ua/zhenskaya-odezhda/sportivnye-kostyumy/trikotazhnye/zhenskiy-sportivnyy-kostyum-dzhins-1573042332.html
https://versal.ua/images/uploads//2c2f1e73df34881016278b8fe7307d32.jpg;"Женский прогулочный костюм";573;"Женский прогулочный костюм 
Ткань: двухнитка, трикотаж зара
Размеры: 42, 44, 46,    48-50, 52-54, 56-58+100грн
 ";"Код: 02347/1";https://versal.ua/zhenskaya-odezhda/sportivnye-kostyumy/trikotazhnye/zhenskiy-progulochnyy-kostyum-1571139085.html
https://versal.ua/images/uploads//de54273f0046334fc8c2552d91d7c44c.jpg;"Женский прогулочный костюм";573;"Женский прогулочный костюм 
Ткань: двухнитка, трикотаж зара
Размеры: 42, 44, 46,    48-50, 52-54, 56-58+100грн
 ";"Код: 02347/3";https://versal.ua/zhenskaya-odezhda/sportivnye-kostyumy/trikotazhnye/zhenskiy-progulochnyy-kostyum.html
https://versal.ua/images/uploads//f4b3486d40324e7b691e2fadc30925b1.jpg;"Спортивный костюм женский белый+синий";578;"Спортивный костюм женский белый+синий
Ткань: двухнитка
Размеры: 42, 44, 46,   48-50, 52-54, 56-58+100 грн";"Код: 02312";https://versal.ua/zhenskaya-odezhda/sportivnye-kostyumy/trikotazhnye/sportivnyy-kostyum-zhenskiy-belyychernyy.html
https://versal.ua/images/uploads//4333e28e574d0b7691a93beaef5fc3c6.jpg;"Спортивный костюм женский джинс+синий";578;"Спортивный костюм женский джинс+синий
Ткань: двухнитка
Размеры: 42, 44, 46,   48-50, 52-54, 56-58+100 грн";"Код: 02312";https://versal.ua/zhenskaya-odezhda/sportivnye-kostyumy/trikotazhnye/sportivnyy-kostyum-zhenskiy-dzhinssiniy.html
https://versal.ua/images/uploads//54e9ab41df3b7efa7f47d8b1cd913079.jpg;"Спортивный костюм женский красный+черный";578;"Спортивный костюм женский красный+черный
Ткань: двухнитка
Размеры: 42, 44, 46,   48-50, 52-54, 56-58+100 грн";"Код: 02312";https://versal.ua/zhenskaya-odezhda/sportivnye-kostyumy/trikotazhnye/sportivnyy-kostyum-zhenskiy-krasnyychernyy.html
https://versal.ua/images/uploads//9629a94f2b530122a8ff50f9474d13e3.jpg;"Спортивный костюм на молнии черный";578;"Спортивный костюм на молнии черный
Ткань: двухнитка
Размеры: 42, 44, 46,   48-50, 52-54, 56-58+100грн";"Код: 02310";https://versal.ua/zhenskaya-odezhda/sportivnye-kostyumy/trikotazhnye/sportivnyy-kostyum-na-molnii-chernyy-1565804332.html
https://versal.ua/images/uploads//7229ea6553ddcc05ec73ce02d367f2b9.jpg;"Спортивный костюм на молнии хаки";578;"Спортивный костюм на молнии хаки
Ткань: двухнитка
Размеры: 42, 44, 46,   48-50, 52-54, 56-58+100грн";"Код: 02310";https://versal.ua/zhenskaya-odezhda/sportivnye-kostyumy/trikotazhnye/sportivnyy-kostyum-na-molnii-khaki-1565804221.html
https://versal.ua/images/uploads//54dc2490b8b99ee1b6f5e14e8d61817a.jpg;"Спортивный костюм на молнии светло-серый";578;"Спортивный костюм на молнии светло-серый
Ткань: двухнитка
Размеры: 42, 44, 46,   48-50, 52-54, 56-58+100грн";"Код: 02310";https://versal.ua/zhenskaya-odezhda/sportivnye-kostyumy/trikotazhnye/sportivnyy-kostyum-na-molnii-svetlo-seryy-1565804118.html
https://versal.ua/images/uploads//6d4fdf4489c11ca60f39b17d92be9c11.jpg;"Женский спортивный костюм персик";573;"Женский спортивный костюм персик
Ткань: двухнитка
Размеры: 42, 44, 46,   48-50, 52-54, 56-58+100грн";"Код: 02311";https://versal.ua/zhenskaya-odezhda/sportivnye-kostyumy/trikotazhnye/zhenskiy-sportivnyy-kostyum-persik-1565803637.html
https://versal.ua/images/uploads//288c67af6a1b426459f70ddd17f2978a.jpg;"Женский спортивный костюм красный";573;"Женский спортивный костюм красный
Ткань: двухнитка
Размеры: 42, 44, 46,   48-50, 52-54, 56-58+100грн";"Код: 02311";https://versal.ua/zhenskaya-odezhda/sportivnye-kostyumy/trikotazhnye/zhenskiy-sportivnyy-kostyum-krasnyy-1565803380.html
https://versal.ua/images/uploads//40b3f4bc6f3efbc651ce01e8698f9f03.jpg;"Женский спортивный костюм хаки";573;"Женский спортивный костюм хаки
Ткань: двухнитка
Размеры: 42, 44, 46,   48-50, 52-54, 56-58+100грн";"Код: 02311";https://versal.ua/zhenskaya-odezhda/sportivnye-kostyumy/trikotazhnye/zhenskiy-sportivnyy-kostyum-khaki.html
https://versal.ua/images/uploads//67249218a4bc1828064ec1486ec167c2.jpg;"Костюм женский спортивный черный";579;"Костюм женский спортивный черный
Ткань: двухнитка
Размеры: 42, 44, 46,    48-50, 52-54, 56-58+100грн";"Код: 02290";https://versal.ua/zhenskaya-odezhda/sportivnye-kostyumy/trikotazhnye/kostyum-zhenskiy-sportivnyy-chernyy-1561377982.html
https://versal.ua/images/uploads//938ddcc48f72809c37778f4658c87f93.jpg;"Спортивный костюм мужской утепленный св-серый";776;"Спортивный костюм мужской утепленный св-серый
Ткань: трехнитка
Размеры: 44, 46, 48-50,    52-54, 56-58+100";"Код: 02099";https://versal.ua/muzhskaya-odezhda/sportivnye-kostyumy-1515158264/uteplennyy/sportivnyy-kostyum-muzhskoy-uteplennyy-sv-seryy-1543418032.html
https://versal.ua/images/uploads//6ac6cd109fe929da14548de405915f7e.jpg;"Спортивный костюм мужской утепленный черный";776;"Спортивный костюм мужской утепленный черный
Ткань: трехнитка
Размеры: 44, 46, 48-50,    52-54, 56-58+100";"Код: 02099";https://versal.ua/muzhskaya-odezhda/sportivnye-kostyumy-1515158264/uteplennyy/sportivnyy-kostyum-muzhskoy-uteplennyy-chernyy-1543418175.html
https://versal.ua/images/uploads//1ac3879b8735571df5b97dad4486dcff.jpg;"Костюм женский спортивный хаки";579;"Костюм женский спортивный хаки
Ткань: двухнитка
Размеры: 42, 44, 46,    48-50, 52-54, 56-58+100грн";"Код: 02290";https://versal.ua/zhenskaya-odezhda/sportivnye-kostyumy/trikotazhnye/kostyum-zhenskiy-sportivnyy-khaki-1561377821.html
https://versal.ua/images/uploads//8ea888c182eabc923bbd16bce66cbc53.jpg;"Спортивный костюм футболка+штаны малина";475;"Спортивный костюм футболка+штаны малина
Ткань: вискоза
Размеры: 42, 44, 46,    48-50, 52-54, 56-58+50грн";"Код: 02289";https://versal.ua/zhenskaya-odezhda/sportivnye-kostyumy/trikotazhnye/sportivnyy-kostyum-futbolkashtany-malina-1561377145.html
https://versal.ua/images/uploads//06a9339ff77ff41f47dc23ff985560d4.jpg;"Спортивный костюм футболка+штаны салат";475;"Спортивный костюм футболка+штаны салат
Ткань: вискоза
Размеры: 42, 44, 46,    48-50, 52-54, 56-58+50грн";"Код: 02289";https://versal.ua/zhenskaya-odezhda/sportivnye-kostyumy/trikotazhnye/sportivnyy-kostyum-futbolkashtany-salat-1561377003.html
https://versal.ua/images/uploads//3df0c417d5445c31617c77d72bf7c28f.jpg;"Костюм женский спортивный с футболкой хаки";538;"Костюм женский спортивный с футболкой хаки
Ткань: двухнитка
Размеры: 42, 44, 46,   48-50, 52-54, 56-58+70грн";"Код: 02234";https://versal.ua/zhenskaya-odezhda/sportivnye-kostyumy/trikotazhnye/kostyum-zhenskiy-sportivnyy-s-futbolkoy-khaki-1557480666.html
https://versal.ua/images/uploads//d8bb3a255f007a7e9b85c129f41b0291.jpg;"Костюм женский спортивный с футболкой светло-серый";538;"Костюм женский спортивный с футболкой светло-серый
Ткань: двухнитка
Размеры: 42, 44, 46,   48-50, 52-54, 56-58+70грн";"Код: 02234";https://versal.ua/zhenskaya-odezhda/sportivnye-kostyumy/trikotazhnye/kostyum-zhenskiy-sportivnyy-s-futbolkoy-svetlo-seryy-1557480494.html
https://versal.ua/images/uploads//4926cafa929f9f9702d6c9798142fd1e.jpg;"Костюм женский спортивный с футболкой черный";538;"Костюм женский спортивный с футболкой черный
Ткань: двухнитка
Размеры: 42, 44, 46,   48-50, 52-54, 56-58+70грн";"Код: 02234";https://versal.ua/zhenskaya-odezhda/sportivnye-kostyumy/trikotazhnye/kostyum-zhenskiy-sportivnyy-s-futbolkoy-chernyy-1557480347.html
https://versal.ua/images/uploads//eaf4d14a5618dfcbf33aa64f9aca58bb.jpg;"Костюм женский спортивный светло-серый";656;"Костюм женский спортивный светло-серый
Ткань: двухнитка
Размеры: 42, 44, 46,    48-50, 52-54, 56-58+80грн";"Код: 02190";https://versal.ua/zhenskaya-odezhda/sportivnye-kostyumy/trikotazhnye/kostyum-zhenskiy-sportivnyy-svetlo-seryy-1557122943.html
https://versal.ua/images/uploads//945340bfd17697620aa4507ff966a699.jpg;"Костюм женский спортивный черный";656;"Костюм женский спортивный черный
Ткань: двухнитка
Размеры: 42, 44, 46,    48-50, 52-54, 56-58+80грн";"Код: 02190";https://versal.ua/zhenskaya-odezhda/sportivnye-kostyumy/trikotazhnye/kostyum-zhenskiy-sportivnyy-chernyy-1557122816.html
https://versal.ua/images/uploads//7dc0a6a7e68b18ff324301005deefb45.jpg;"Костюм женский спортивный хаки";656;"Костюм женский спортивный хаки
Ткань: двухнитка
Размеры: 42, 44, 46,    48-50, 52-54, 56-58+80грн";"Код: 02190";https://versal.ua/zhenskaya-odezhda/sportivnye-kostyumy/trikotazhnye/kostyum-zhenskiy-sportivnyy-khaki.html
https://versal.ua/images/uploads//b5e68e198d0b990327e7d13f736f1ef4.jpg;"Спортивный костюм женский черный";535;"Спортивный костюм женский черный
Ткань: двухнитка
Размеры: 42, 44, 46,    48-50, 52-54+80грн
 ";"Код: 02166";https://versal.ua/zhenskaya-odezhda/sportivnye-kostyumy/trikotazhnye/sportivnyy-kostyum-zhenskiy-chernyy-1552913070.html
https://versal.ua/images/uploads//7165d4c58b767fec75b60b2e1203421c.jpg;"Спортивный костюм женский красный";535;"Спортивный костюм женский красный
Ткань: двухнитка
Размеры: 42, 44, 46,    48-50, 52-54+80грн
 ";"Код: 02166";https://versal.ua/zhenskaya-odezhda/sportivnye-kostyumy/trikotazhnye/sportivnyy-kostyum-zhenskiy-krasnyy-1552912952.html
https://versal.ua/images/uploads//51e3fe96a6f97aad3d3482e374a1a003.jpg;"Костюм спортивный женский св-серый";540;"Костюм спортивный женский св-серый
Ткань: двухнитка
Размеры: 42, 44, 46,     48-50, 52-54, 56-58+60грн";"Код: 02129";https://versal.ua/zhenskaya-odezhda/sportivnye-kostyumy/trikotazhnye/kostyum-sportivnyy-zhenskiy-sv-seryy.html
https://versal.ua/images/uploads//9211c0a685b606555c42a82d155c0bdc.jpg;"Костюм спортивный женский джинс";540;"Костюм спортивный женский джинс
Ткань: двухнитка
Размеры: 42, 44, 46,     48-50, 52-54, 56-58+60грн";"Код: 02129";https://versal.ua/zhenskaya-odezhda/sportivnye-kostyumy/trikotazhnye/kostyum-sportivnyy-zhenskiy-dzhins.html
https://versal.ua/images/uploads//4f142b8ba597ce0dddf2778fece9b981.jpg;"Женский трикотажный прогулочный костюм темно-синий";650;"Женский трикотажный прогулочный костюм темно-синий
Ткань: стежка
Размеры: 42, 44, 46,      48-50, 52-54, 56-58+40грн";"Код: 02135";https://versal.ua/zhenskaya-odezhda/sportivnye-kostyumy/trikotazhnye/zhenskiy-trikotazhnyy-progulochnyy-kostyum-temno-siniy-1549370728.html
https://versal.ua/images/uploads//d58fd7de6b5ddd54d27406907322969e.jpg;"Женский трикотажный прогулочный костюм беж";650;"Женский трикотажный прогулочный костюм беж
Ткань: стежка
Размеры: 42";"Код: 02135";https://versal.ua/zhenskaya-odezhda/sportivnye-kostyumy/trikotazhnye/zhenskiy-trikotazhnyy-progulochnyy-kostyum-bezh-1549370204.html
https://versal.ua/images/uploads//b512ce5ab99868e8d183802b356f7e54.jpg;"Спортивный костюм New York хаки";498;"Спортивный костюм New York хаки
Ткань: двухнитка
Размеры: 42, 44, 46,48-50";"Код: 02044";https://versal.ua/zhenskaya-odezhda/sportivnye-kostyumy/trikotazhnye/sportivnyy-kostyum-new-york-khaki-1541165051.html
https://versal.ua/images/uploads//e955a50ab974fb09e5d2bc22d40d1e12.jpg;"Спортивный костюм New York св-серый";498;"Спортивный костюм New York св-серый
Ткань: двухнитка
Размеры: 42, 44, 46,48-50";"Код: 02044";https://versal.ua/zhenskaya-odezhda/sportivnye-kostyumy/trikotazhnye/sportivnyy-kostyum-new-york-sv-seryy-1541164923.html
https://versal.ua/images/uploads//0b2497678b1d2d964dd769f2e017e08a.jpg;"Женский спортивный костюм бирюза";651;"Женский спортивный костюм бирюза, штаны прямые
Ткань: трикотаж петля-шерсть
Размер: 42, 44, 46,      48-50, 52-54, 56-58 + 70 грн";"Код: 01721";https://versal.ua/zhenskaya-odezhda/sportivnye-kostyumy/trikotazhnye/zhenskiy-sportivnyy-kostyum-biryuza-1537778598.html
https://versal.ua/images/uploads//27b368fa7369b2b682fcfa64c6c56005.jpg;"Спортивный костюм женский черный";526;"Спортивный костюм женский черный
Ткань: двухнитка
Размеры: 42, 44, 46,      48-50, 52-54, 56-58+70грн";"Код: 02036";https://versal.ua/zhenskaya-odezhda/sportivnye-kostyumy/trikotazhnye/sportivnyy-kostyum-zhenskiy-chernyy-1537270324.html
https://versal.ua/images/uploads//d90b0199a8bd55f8f24bba831b864367.jpg;"Спортивный костюм женский св-серый";526;"Спортивный костюм женский св-серый
Ткань: двухнитка
Размеры: 42, 44, 46,      48-50, 52-54, 56-58+70грн";"Код: 02036";https://versal.ua/zhenskaya-odezhda/sportivnye-kostyumy/trikotazhnye/sportivnyy-kostyum-zhenskiy-sv-seryy-1537270079.html
https://versal.ua/images/uploads//802d3ff9c0e88adffd604e6228e2065e.jpg;"Костюм спортивный женский с люрексом т-серый";615;"Костюм спортивный женский с люрексом т-серый
Ткань: двухнитка, трикотаж люрекс
Размеры: 42";"Код: 02022";https://versal.ua/zhenskaya-odezhda/sportivnye-kostyumy/trikotazhnye/kostyum-sportivnyy-zhenskiy-s-lyureksom-t-seryy-1537268922.html
https://versal.ua/images/uploads//eb0ed922d87d0c68130ae959e982c6b0.jpg;"Костюм спортивный женский с люрексом бордо";615;"Костюм спортивный женский с люрексом бордо
Ткань: двухнитка, трикотаж люрекс
Размеры: 42";"Код: 02022";https://versal.ua/zhenskaya-odezhda/sportivnye-kostyumy/trikotazhnye/kostyum-sportivnyy-zhenskiy-s-lyureksom-bordo-1537268693.html
https://versal.ua/images/uploads//d0ad5686bc76ce36eb51fa91af357b60.jpg;"Костюм спортивный женский с люрексом джинс";615;"Костюм спортивный женский с люрексом джинс
Ткань: двухнитка, трикотаж люрекс
Размеры: 42";"Код: 02022";https://versal.ua/zhenskaya-odezhda/sportivnye-kostyumy/trikotazhnye/kostyum-sportivnyy-zhenskiy-s-lyureksom-dzhins-1537268562.html
https://versal.ua/images/uploads//3630a96321d855b2af0fad6b140c618f.jpg;"Костюм спортивный с лампасами женский черный";615;"Костюм спортивный с лампасами женский черный
Ткань: двухнитка
Размеры: 42, 44, 46,      48-50, 52-54, 56-58+70грн";"Код: 02023";https://versal.ua/zhenskaya-odezhda/sportivnye-kostyumy/trikotazhnye/kostyum-sportivnyy-s-lampasami-zhenskiy-chernyy-1537267818.html
https://versal.ua/images/uploads//5b9a2105f055ead086307fe2bb36af33.jpg;"Костюм спортивный с лампасами женский  св-серый";615;"Костюм спортивный с лампасами женский  св-серый
Ткань: двухнитка
Размеры: 42, 44, 46,      48-50, 52-54, 56-58+70грн";"Код: 02023";https://versal.ua/zhenskaya-odezhda/sportivnye-kostyumy/trikotazhnye/kostyum-sportivnyy-s-lampasami-zhenskiy-sv-seryy.html
https://versal.ua/images/uploads//393ceaa5418abe46fd9dbaa0de87374e.jpg;"Спортивный костюм с удлиненной кофтой красный";610;"Спортивный костюм с удлиненной кофтой красный
Ткань: двухнитка
Размеры: 42, 44, 46,      48-50, 52-54, 56-58+50грн";"Код: 02009";https://versal.ua/zhenskaya-odezhda/sportivnye-kostyumy/trikotazhnye/sportivnyy-kostyum-s-udlinennoy-koftoy-krasnyy-1537191266.html
https://versal.ua/images/uploads//78c93a2d53d4e7b708d374c3229e4872.jpg;"Спортивный костюм с удлиненной кофтой бордо";610;"Спортивный костюм с удлиненной кофтой бордо
Ткань: двухнитка
Размеры: 42, 44, 46,      48-50, 52-54, 56-58+50грн";"Код: 02009";https://versal.ua/zhenskaya-odezhda/sportivnye-kostyumy/trikotazhnye/sportivnyy-kostyum-s-udlinennoy-koftoy-bordo-1537188661.html
https://versal.ua/images/uploads//db20d3f38e6626537170633667e340b8.jpg;"Спортивный костюм с удлиненной кофтой черный";610;"Спортивный костюм с удлиненной кофтой черный
Ткань: двухнитка
Размеры: 42, 44, 46,      48-50, 52-54, 56-58+50грн";"Код: 02009";https://versal.ua/zhenskaya-odezhda/sportivnye-kostyumy/trikotazhnye/sportivnyy-kostyum-s-udlinennoy-koftoy-chernyy-1537188440.html
https://versal.ua/images/uploads//760203757c3261d46f49dfc9d338a9da.jpg;"Спортивный костюм с удлиненной кофтой т-синий";610;"Спортивный костюм с удлиненной кофтой т-синий
Ткань: двухнитка
Размеры: 42, 44, 46,      48-50, 52-54, 56-58+50грн";"Код: 02009";https://versal.ua/zhenskaya-odezhda/sportivnye-kostyumy/trikotazhnye/sportivnyy-kostyum-s-udlinennoy-koftoy-t-siniy-1537188281.html
https://versal.ua/images/uploads//a6de71653768349a27e7dfd2f55bbe9a.jpg;"Спортивный костюм с нашивками св-серый";630;"Спортивный костюм с нашивками св-серый
Ткань: двухнитка
Размеры: 42, 44, 46,    48-50, 52-54, 56-58+70грн";"Код: 01999";https://versal.ua/zhenskaya-odezhda/sportivnye-kostyumy/trikotazhnye/sportivnyy-kostyum-s-nashivkami-sv-seryy-1534942381.html
https://versal.ua/images/uploads//74f0d2a7239e3620b259e24ab28bde1f.jpg;"Спортивный костюм с нашивками красный";630;"Спортивный костюм с нашивками красный
Ткань: двухнитка
Размеры: 42, 44, 46,    48-50, 52-54, 56-58+70грн";"Код: 01999";https://versal.ua/zhenskaya-odezhda/sportivnye-kostyumy/trikotazhnye/sportivnyy-kostyum-s-nashivkami-krasnyy-1534942267.html
https://versal.ua/images/uploads//147585f888a394d8e78a690cad977c36.jpg;"Спортивный костюм с нашивками персик";630;"Спортивный костюм с нашивками персик
Ткань: двухнитка
Размеры: 42, 44, 46,    48-50, 52-54, 56-58+70грн";"Код: 01999";https://versal.ua/zhenskaya-odezhda/sportivnye-kostyumy/trikotazhnye/sportivnyy-kostyum-s-nashivkami-persik-1534942132.html
https://versal.ua/images/uploads//42c61aaae0352feb6fd0fe93e448e8fd.jpg;"Спортивный костюм с лампасами джинс";620;"Спортивный костюм с лампасами джинс
Ткань: двухнитка
Размеры: 42, 44, 46,    48-50, 52-54, 56-58+80грн";"Код: 02004";https://versal.ua/zhenskaya-odezhda/sportivnye-kostyumy/trikotazhnye/sportivnyy-kostyum-s-lampasami-dzhins-1534941014.html
https://versal.ua/images/uploads//70101e69e416affeb56467b1cc73cb41.jpg;"Спортивный костюм с лампасами красный";620;"Спортивный костюм с лампасами красный
Ткань: двухнитка
Размеры: 42, 44, 46,    48-50, 52-54, 56-58+80грн";"Код: 02004";https://versal.ua/zhenskaya-odezhda/sportivnye-kostyumy/trikotazhnye/sportivnyy-kostyum-s-lampasami-krasnyy-1534940932.html
https://versal.ua/images/uploads//085e5a0506882403483a1addb5c8380a.jpg;"Спортивный костюм с лампасами черный";620;"Спортивный костюм с лампасами черный
Ткань: двухнитка
Размеры: 42, 44, 46,    48-50, 52-54, 56-58+80грн";"Код: 02004";https://versal.ua/zhenskaya-odezhda/sportivnye-kostyumy/trikotazhnye/sportivnyy-kostyum-s-lampasami-chernyy.html
https://versal.ua/images/uploads//0d594f08c42885c0fda75b59807bac5f.jpg;"Костюм женский джоггеры+футболка меланж";460;"Костюм женский джоггеры+футболка меланж
Ткань: кулир, двухнитка
Размер: 42, 44, 46,     48-50, 52-54, 56-58+50грн";"Код: 01916";https://versal.ua/zhenskaya-odezhda/sportivnye-kostyumy/trikotazhnye/kostyum-zhenskiy-shtanyfutbolka-melanzh-1525443111.html
https://versal.ua/images/uploads//66a10c446d75ea0b2e56bf4256996fa8.jpg;"Женский спортивный костюм с лампасами черный";615;"Женский спортивный костюм с лампасами черный, с укороченными джоггерами 
Ткань: двухнитка
Размеры: 42, 44, 46,         48-50, 52-54, 56-58+50грн";"Код: 01880";https://versal.ua/zhenskaya-odezhda/sportivnye-kostyumy/trikotazhnye/zhenskiy-sportivnyy-kostyum-s-lampasami-chernyy-1525349519.html
https://versal.ua/images/uploads//49a704909af143a62bc653e08572bb6f.jpg;"Женский спортивный костюм с лампасами св-серый";615;"Женский спортивный костюм с лампасами св-серый, с укороченными джоггерами 
Ткань: двухнитка
Размеры: 42, 44, 46,         48-50, 52-54, 56-58+50грн";"Код: 01880";https://versal.ua/zhenskaya-odezhda/sportivnye-kostyumy/trikotazhnye/zhenskiy-sportivnyy-kostyum-s-lampasami-sv-seryy.html
https://versal.ua/images/uploads//25f180350de6b79a6eaab8c23d17559a.jpg;"Спортивный костюм женский с брюками джинс";615;"Спортивный костюм женский с брюками джинс
Ткань: двухнитка
Размеры: 42, 44, 46,     48-50, 52-54, 56-58 + 50грн";"Код: 01879";https://versal.ua/zhenskaya-odezhda/sportivnye-kostyumy/trikotazhnye/sportivnyy-kostyum-zhenskiy-s-bryukami-dzhins-1525336375.html
https://versal.ua/images/uploads//5134dd56b7a4f5e71353160febaa3389.jpg;"Спортивный костюм женский с брюками св-серый";615;"Спортивный костюм женский с брюками св-серый
Ткань: двухнитка
Размеры: 42, 44, 46,     48-50, 52-54, 56-58 + 50грн";"Код: 01879";https://versal.ua/zhenskaya-odezhda/sportivnye-kostyumy/trikotazhnye/sportivnyy-kostyum-zhenskiy-s-bryukami-sv-seryy-1525336166.html
https://versal.ua/images/uploads//7e6fae9f57e01abc8633a69b53534750.jpg;"Спортивный костюм женский с брюками черный";615;"Спортивный костюм женский с брюками черный
Ткань: двухнитка
Размеры: 42, 44, 46,     48-50, 52-54, 56-58 + 50грн";"Код: 01879";https://versal.ua/zhenskaya-odezhda/sportivnye-kostyumy/trikotazhnye/sportivnyy-kostyum-zhenskiy-s-bryukami-chernyy.html
https://versal.ua/images/uploads//4ae0be737b64a32deefbc6ed45ca8eb5.jpg;"Спортивный костюм женский с брюками бордо";615;"Спортивный костюм женский с брюками бордо
Ткань: двухнитка
Размеры: 42, 44, 46,     48-50, 52-54, 56-58 + 50грн";"Код: 01879";https://versal.ua/zhenskaya-odezhda/sportivnye-kostyumy/trikotazhnye/sportivnyy-kostyum-zhenskiy-s-bryukami-bordo.html
https://versal.ua/images/uploads/image1517330421ap7exY.jpg;"Спортивный костюм с серебряным лампасом бирюза";651;"Спортивный костюм с серебряным лампасом бирюза
Ткань: трикотаж петля-шерсть
Размер: 42, 44, 46,      48-50, 52-54, 56-58 +50 грн
 
 
 ";"Код: 01782";https://versal.ua/zhenskaya-odezhda/sportivnye-kostyumy/trikotazhnye/sportivnyy-kostyum-s-serebryanym-lampasom-biryuza.html
https://versal.ua/images/uploads/image1517330418r6yn89.jpg;"Спортивный костюм с серебряным лампасом св-серый";651;"Спортивный костюм с серебряным лампасом св-серый
Ткань: трикотаж петля-шерсть
Размер: 42, 44, 46,      48-50, 52-54, 56-58 +50 грн
 
 ";"Код: 01782";https://versal.ua/zhenskaya-odezhda/sportivnye-kostyumy/trikotazhnye/sportivnyy-kostyum-s-serebryanym-lampasom-sv-seryy.html
https://versal.ua/images/uploads/image1517330416O0JtMS.jpg;"Спортивный костюм с серебряным лампасом персик";651;"Спортивный костюм с серебряным лампасом персик
Ткань: трикотаж петля-шерсть
Размер: 42, 44, 46,      48-50, 52-54, 56-58 +50 грн
 
 
 ";"Код: 01782";https://versal.ua/zhenskaya-odezhda/sportivnye-kostyumy/trikotazhnye/sportivnyy-kostyum-s-serebryanym-lampasom-persik.html
https://versal.ua/images/uploads//aad588339e9231cebef706ad5cfb2864.jpg;"Женский спортивный костюм св-серый";651;"Женский спортивный костюм св-серый, штаны прямые
Ткань: трикотаж петля-шерсть
Размер: 42, 44, 46,      48-50, 52-54, 56-58 + 70 грн
 
 
 ";"Код: 01721";https://versal.ua/zhenskaya-odezhda/sportivnye-kostyumy/trikotazhnye/zhenskiy-sportivnyy-kostyum-biryuza.html
https://versal.ua/images/uploads/image15173303699ZjQ5i.jpg;"Женский спортивный костюм персик";651;"Женский спортивный костюм персик, штаны прямые
Ткань: трикотаж петля-шерсть
Размер: 42, 44, 46,      48-50, 52-54, 56-58 + 70 грн
 
 
 ";"Код: 01721";https://versal.ua/zhenskaya-odezhda/sportivnye-kostyumy/trikotazhnye/zhenskiy-sportivnyy-kostyum-persik.html
https://versal.ua/images/uploads/image1517330246vMHquf.jpg;"Костюм женский с лампасом Love св-серый";639;"Костюм женский с лампасом Love св-серый, штаны прямые
Ткань: трикотаж петля-шерсть
Размер: 42, 44, 46,      48-50, 52-54, 56-58 + 50 грн
 
 
 ";"Код: 01786";https://versal.ua/zhenskaya-odezhda/sportivnye-kostyumy/trikotazhnye/kostyum-zhenskiy-s-lampasom-love-sv-seryy.html
https://versal.ua/images/uploads/image1517330243E0uOus.jpg;"Костюм женский с лампасом Love бордо";639;"Костюм женский с лампасом Love бордо, штаны прямые
Ткань: трикотаж петля-шерсть
Размер: 42, 44, 46,      48-50, 52-54, 56-58 + 50 грн
 
 
 ";"Код: 01786";https://versal.ua/zhenskaya-odezhda/sportivnye-kostyumy/trikotazhnye/kostyum-zhenskiy-s-lampasom-love-bordo.html
https://versal.ua/images/uploads/image1517330242GhZrUU.jpg;"Костюм женский с лампасом Love персик";639;"Костюм женский с лампасом Love персик, штаны прямые
Ткань: трикотаж петля-шерсть
Размер: 42, 44, 46,      48-50, 52-54, 56-58 + 50 грн
 
 
 ";"Код: 01786";https://versal.ua/zhenskaya-odezhda/sportivnye-kostyumy/trikotazhnye/kostyum-zhenskiy-s-lampasom-love-persik.html
https://versal.ua/images/uploads/image1517329596nMfgh6.jpg;"Женский спортивный костюм темно-серый";639;"Женский спортивный костюм темно-серый, куртка длинный рукав, штаны прямые
Ткань: трикотаж петля-шерсть,эко-кожа
Трикотаж петля-шерсть - трикотажное полотно средней плотности, произведенное из волокон шерсти, вискозы, полиэстера, ткань ворсистая мягкая и приятная на ощупь
Размер: 42, 44, 46,      48-50, 52-54, 56-58 + 50 грн
 
 ";"Код: 01687";https://versal.ua/zhenskaya-odezhda/sportivnye-kostyumy/trikotazhnye/zhenskiy-sportivnyy-kostyum-temno-seryy.html
https://versal.ua/images/uploads/image1517329593uthyKT.jpg;"Женский спортивный костюм бордо";639;"Женский спортивный костюм бордо, куртка длинный рукав, штаны прямые
Ткань: трикотаж петля-шерсть,эко-кожа
Трикотаж петля-шерсть - трикотажное полотно средней плотности, произведенное из волокон шерсти, вискозы, полиэстера, ткань ворсистая мягкая и приятная на ощупь
Размер: 42, 44, 46,      48-50, 52-54, 56-58 + 50 грн
 
 ";"Код: 01687";https://versal.ua/zhenskaya-odezhda/sportivnye-kostyumy/trikotazhnye/zhenskiy-sportivnyy-kostyum-bordo.html
https://versal.ua/images/uploads/image1517329590SrCJSr.jpg;"Женский спортивный костюм джинс";639;"Женский спортивный костюм джинс, штаны прямые
Ткань: трикотаж петля-шерсть,эко-кожа
Трикотаж петля-шерсть - трикотажное полотно средней плотности, произведенное из волокон шерсти, вискозы, полиэстера, ткань ворсистая мягкая и приятная на ощупь
Размер: 42, 44, 46,      48-50, 52-54, 56-58 + 50 грн
 ";"Код: 01687";https://versal.ua/zhenskaya-odezhda/sportivnye-kostyumy/trikotazhnye/zhenskiy-sportivnyy-kostyum-dzhins.html
https://versal.ua/images/uploads/image1517329588q8kN32.jpg;"Костюм спортивный женский Love джинс";639;"Костюм спортивный женский Love джинс, штаны прямые
Ткань: трикотаж петля-шерсть, двухнитка
Трикотаж петля-шерсть - трикотажное полотно средней плотности, произведенное из волокон шерсти, вискозы, полиэстера, ткань ворсистая мягкая и приятная на ощупь
Размер: 42, 44, 46,      48-50, 52-54, 56-58 + 50 грн
 
 
 ";"Код: 01688";https://versal.ua/zhenskaya-odezhda/sportivnye-kostyumy/trikotazhnye/kostyum-sportivnyy-zhenskiy-love-dzhins.html
https://versal.ua/images/uploads/image1517329586lKvD02.jpg;"Костюм спортивный женский Love cерый";639;"Костюм спортивный женский Love cерый, штаны прямые
Ткань: трикотаж петля-шерсть, двухнитка
Трикотаж петля-шерсть - трикотажное полотно средней плотности, произведенное из волокон шерсти, вискозы, полиэстера, ткань ворсистая мягкая и приятная на ощупь
Размер: 42, 44, 46,      48-50, 52-54, 56-58 + 50 грн
 
 ";"Код: 01688";https://versal.ua/zhenskaya-odezhda/sportivnye-kostyumy/trikotazhnye/kostyum-sportivnyy-zhenskiy-love-ceryy.html
https://versal.ua/images/uploads/image1517329455ai0TDR.jpg;"Костюм женский с бомбером т-серый";639;"Костюм женский с бомбером темно-серый, штаны на манжете
Ткань: трикотаж зара 
Трикотаж зара - трикотажное полотно средней плотности, произведенное из волокон шерсти, вискозы, полиэстера, ткань мягкая и приятная на ощупь
Размер: 42, 44, 46,      48-50, 52-54, 56-58 + 50 грн
 
 
 ";"Код: 01686/12";https://versal.ua/zhenskaya-odezhda/sportivnye-kostyumy/trikotazhnye/kostyum-zhenskiy-s-bomberom-t-seryy.html
https://versal.ua/images/uploads/image1517329440X4zmWo.jpg;"Костюм женский с рюшами св-серый";639;"Ткань: трикотаж зара 
Трикотаж зара - трикотажное полотно средней плотности, произведенное из волокон шерсти, вискозы, полиэстера, ткань мягкая и приятная на ощупь
Размер: 42, 44, 46,      48-50, 52-54, 56-58 + 40 грн
 
 
 ";"Код: 01694/11";https://versal.ua/zhenskaya-odezhda/sportivnye-kostyumy/trikotazhnye/kostyum-zhenskiy-s-ryushami-sv-seryy.html
https://versal.ua/images/uploads/image15173282395ZVmyH.jpg;"Спортивный женский костюм светло-серый";568;"Спортивный женский костюм светло-серый
Ткань: трикотаж петля-шерсть
Трикотаж петля-шерсть - трикотажное полотно средней плотности, произведенное из волокон шерсти, вискозы, полиэстера, ткань ворсистая мягкая и приятная на ощупь
Размер: 42, 44, 46,      48-50, 52-54 + 40 грн
 ";"Код: 01511";https://versal.ua/zhenskaya-odezhda/sportivnye-kostyumy/trikotazhnye/sportivnyy-zhenskiy-kostyum-svetlo-seryy.html
https://versal.ua/images/uploads/image1517328236A272Hf.jpg;"Спортивный женский костюм бордо";568;"Спортивный женский костюм бордо
Ткань: трикотаж петля-шерсть
Трикотаж петля-шерсть - трикотажное полотно средней плотности, произведенное из волокон шерсти, вискозы, полиэстера, ткань ворсистая мягкая и приятная на ощупь
Размер: 42, 44, 46,      48-50, 52-54 + 40 грн
 ";"Код: 01511";https://versal.ua/zhenskaya-odezhda/sportivnye-kostyumy/trikotazhnye/sportivnyy-zhenskiy-kostyum-bordo.html
https://versal.ua/images/uploads/image1517328233ldVCWK.jpg;"Спортивный женский костюм джинс";568;"Спортивный женский костюм джинс
Ткань: трикотаж петля-шерсть
Трикотаж петля-шерсть - трикотажное полотно средней плотности, произведенное из волокон шерсти, вискозы, полиэстера, ткань ворсистая мягкая и приятная на ощупь
Размер: 42, 44, 46,      48-50,52-54 + 40 грн
 ";"Код: 01511";https://versal.ua/zhenskaya-odezhda/sportivnye-kostyumy/trikotazhnye/sportivnyy-zhenskiy-kostyum-dzhins.html
https://versal.ua/images/uploads/image15173281381FOT4Y.jpg;"Спортивный костюм на молнии женский темно-синий";555;"Спортивный костюм на молнии женский темно-синий
Ткань: двунитка 
Двунитка - трикотажное. плотное полотно, в котором нити переплетены парами. Этот материал долго служит.устойчив к появлению катышков, а так же не меняет со временем свою форму. Состав ( 90% хлопок, 10% эластан).
Размер: 42, 44, 46,      48-50,52-54 + 30 грн
 ";"Код: 00831/1";https://versal.ua/zhenskaya-odezhda/sportivnye-kostyumy/trikotazhnye/sportivnyy-kostyum-na-molnii-zhenskiy-temno-siniy.html
https://versal.ua/images/uploads/image1517328134F0Czql.jpg;"Спортивный костюм на молнии женский черный";555;"Спортивный костюм на молнии женский черный
Ткань: двунитка 
Двунитка - трикотажное. плотное полотно, в котором нити переплетены парами. Этот материал долго служит.устойчив к появлению катышков, а так же не меняет со временем свою форму. Состав ( 90% хлопок, 10% эластан).
Размер: 42, 44, 46,      48-50,52-54 + 30 грн
 ";"Код: 00831/1";https://versal.ua/zhenskaya-odezhda/sportivnye-kostyumy/trikotazhnye/sportivnyy-kostyum-na-molnii-zhenskiy-chernyy.html
https://versal.ua/images/uploads/image1517327826TgQVlV.jpg;"Спортивный костюм на молнии женский Губки";536;"Спортивный костюм на молнии женский Губки
Ткань: двунитка 
Двунитка - трикотажное. плотное полотно, в котором нити переплетены парами. Этот материал долго служит.устойчив к появлению катышков, а так же не меняет со временем свою форму. Состав ( 90% хлопок, 10% эластан).
Размер: 42, 44, 46,      48-50,52-54 + 30 грн
 ";"Код: 01468/5";https://versal.ua/zhenskaya-odezhda/sportivnye-kostyumy/trikotazhnye/sportivnyy-kostyum-na-molnii-zhenskiy-gubki.html
https://versal.ua/images/uploads/image1517327823j77SPw.jpg;"Спортивный костюм на молнии женский темно-синий";536;"Спортивный костюм на молнии женский темно-синий
Ткань: двунитка 
Двунитка - трикотажное. плотное полотно, в котором нити переплетены парами. Этот материал долго служит.устойчив к появлению катышков, а так же не меняет со временем свою форму. Состав ( 90% хлопок, 10% эластан).
Размер: 42, 44, 46,      48-50,52-54 + 30 грн
 ";"Код: 01468";https://versal.ua/zhenskaya-odezhda/sportivnye-kostyumy/trikotazhnye/sportivnyy-kostyum-na-molnii-zhenskiy-temno-siniy-1519483293.html
https://versal.ua/images/uploads/image1517327816NtfMgy.jpg;"Спортивный костюм на молнии женский мята";536;"Спортивный костюм на молнии женский мята
Ткань: двунитка 
Двунитка - трикотажное. плотное полотно, в котором нити переплетены парами. Этот материал долго служит.устойчив к появлению катышков, а так же не меняет со временем свою форму. Состав ( 90% хлопок, 10% эластан).
Размер: 42, 44, 46,      48-50,52-54 + 30 грн
 ";"Код: 01468";https://versal.ua/zhenskaya-odezhda/sportivnye-kostyumy/trikotazhnye/sportivnyy-kostyum-na-molnii-zhenskiy-myata.html
https://versal.ua/images/uploads/image1517327813K9VKKS.jpg;"Костюм женский с туникой бордо";603;"Костюм женский с туникой бордо
Ткань: двунитка 
Двунитка - трикотажное. плотное полотно, в котором нити переплетены парами. Этот материал долго служит.устойчив к появлению катышков, а так же не меняет со временем свою форму.
Размер: 42, 44, 46,      48-50,52-54,56-58 + 30 грн
 ";"Код: 01447";https://versal.ua/zhenskaya-odezhda/sportivnye-kostyumy/trikotazhnye/kostyum-zhenskiy-s-tunikoy-bordo.html
https://versal.ua/images/uploads/image1517327714XReXRb.jpg;"Спортивный брючный женский костюм черный";615;"Спортивный брючный женский костюм черный
Ткань: двунитка 
Двунитка - трикотажное. плотное полотно, в котором нити переплетены парами. Этот материал долго служит.устойчив к появлению катышков, а так же не меняет со временем свою форму. Состав ( 90% хлопок, 10% эластан).
Размер: 42, 44, 46,      48-50,52-54 + 30 грн
 ";"Код: 01464/1";https://versal.ua/zhenskaya-odezhda/sportivnye-kostyumy/trikotazhnye/sportivnyy-bryuchnyy-zhenskiy-kostyum-chernyy.html
https://versal.ua/images/uploads/image1517327711CucrPp.jpg;"Спортивный брючный женский костюм электрик";615;"Спортивный брючный женский костюм электрик
Ткань: двунитка 
Двунитка - трикотажное. плотное полотно, в котором нити переплетены парами. Этот материал долго служит.устойчив к появлению катышков, а так же не меняет со временем свою форму.
Размер: 42, 44, 46,      48-50,52-54 + 30 грн
 ";"Код: 01464/1";https://versal.ua/zhenskaya-odezhda/sportivnye-kostyumy/trikotazhnye/sportivnyy-bryuchnyy-zhenskiy-kostyum-elektrik.html
https://versal.ua/images/uploads/image1517327707uDGusr.jpg;"Спортивный брючный женский костюм персик";615;"Спортивный брючный женский костюм персик
Ткань: двунитка 
Двунитка - трикотажное. плотное полотно, в котором нити переплетены парами. Этот материал долго служит.устойчив к появлению катышков, а так же не меняет со временем свою форму.
Размер: 42, 44, 46,      48-50,52-54 + 30 грн
 ";"Код: 01464";https://versal.ua/zhenskaya-odezhda/sportivnye-kostyumy/trikotazhnye/sportivnyy-bryuchnyy-zhenskiy-kostyum-persik.html
https://versal.ua/images/uploads/image1517327704LWloC8.jpg;"Спортивный костюм женский со штанами мята";615;"Спортивный костюм женский со штанами мята
Ткань: двунитка 
Двунитка - трикотажное. плотное полотно, в котором нити переплетены парами. Этот материал долго служит.устойчив к появлению катышков, а так же не меняет со временем свою форму. 
Размер: 42, 44, 46,      48-50,52-54 + 30 грн
 ";"Код: 01464";https://versal.ua/zhenskaya-odezhda/sportivnye-kostyumy/trikotazhnye/sportivnyy-kostyum-zhenskiy-so-shtanami-myata.html
https://versal.ua/images/uploads/image1517327265VEbfWX.jpg;"Костюм женский с туникой светло-серый";603;"Костюм женский с туникой светло-серый
Ткань: двунитка 
Двунитка - трикотажное. плотное полотно, в котором нити переплетены парами. Этот материал долго служит.устойчив к появлению катышков, а так же не меняет со временем свою форму. 
Размер: 42, 44, 46,      48-50, 52-54, 56-58 + 30 грн
 ";"Код: 01447";https://versal.ua/zhenskaya-odezhda/sportivnye-kostyumy/trikotazhnye/kostyum-zhenskiy-s-tunikoy-svetlo-seryy.html
https://versal.ua/images/uploads/image1517327262HZuA3e.jpg;"Костюм женский с туникой персик";603;"Костюм женский с туникой персик
Ткань: двунитка 
Двунитка - трикотажное. плотное полотно, в котором нити переплетены парами. Этот материал долго служит.устойчив к появлению катышков, а так же не меняет со временем свою форму. 
Размер: 42, 44, 46,      48-50, 52-54, 56-58 + 30 грн
 ";"Код: 01447";https://versal.ua/zhenskaya-odezhda/sportivnye-kostyumy/trikotazhnye/kostyum-zhenskiy-s-tunikoy-persik.html
https://versal.ua/images/uploads/image1517327258S3dSxD.jpg;"Костюм женский с туникой черный";603;"Костюм женский с туникой черный
Ткань: двунитка 
Двунитка - трикотажное. плотное полотно, в котором нити переплетены парами. Этот материал долго служит.устойчив к появлению катышков, а так же не меняет со временем свою форму. 
Размер: 42, 44, 46,      48-50, 52-54, 56-58+ 30 грн
 ";"Код: 01447";https://versal.ua/zhenskaya-odezhda/sportivnye-kostyumy/trikotazhnye/kostyum-zhenskiy-s-tunikoy-chernyy.html
https://versal.ua/images/uploads/image1517326176Zmjyfn.jpg;"Костюм женский спортивный электрик";565;"Костюм женский спортивный электрик
Ткань: двунитка 
Двунитка - трикотажное. плотное полотно, в котором нити переплетены парами. Этот материал долго служит.устойчив к появлению катышков, а так же не меняет со временем свою форму. Состав ( 90% хлопок, 10% эластан).
Размер: 42, 44, 46,      48-50,52-54 + 30 грн
 ";"Код: 00859/1";https://versal.ua/zhenskaya-odezhda/sportivnye-kostyumy/trikotazhnye/kostyum-zhenskiy-sportivnyy-elektrik.html
https://versal.ua/images/uploads/image1517326171ESTt6T.jpg;"Костюм женский спортивный черный";565;"Костюм женский спортивный черный
Ткань: двунитка 
Двунитка - трикотажное. плотное полотно, в котором нити переплетены парами. Этот материал долго служит.устойчив к появлению катышков, а так же не меняет со временем свою форму. Состав ( 90% хлопок, 10% эластан).
Размер: 42, 44, 46,      48-50,52-54 + 30 грн
 ";"Код: 00859/1";https://versal.ua/zhenskaya-odezhda/sportivnye-kostyumy/trikotazhnye/kostyum-zhenskiy-sportivnyy-chernyy.html
https://versal.ua/images/uploads/image1517326167omiTv4.jpg;"Костюм женский с капюшоном";641;"Костюм женский с капюшоном 
Ткань: двунитка 
Двунитка - трикотажное. плотное полотно, в котором нити переплетены парами. Этот материал долго служит.устойчив к появлению катышков, а так же не меняет со временем свою форму.
Размер: 42, 44, 46,      48-50,52-54 + 30 грн
 ";"Код: 01304/4";https://versal.ua/zhenskaya-odezhda/sportivnye-kostyumy/trikotazhnye/kostyum-zhenskiy-s-kapyushonom.html
https://versal.ua/images/uploads/image1517325792WqN0Ky.jpg;"Женский спортивный  костюм темно-серый";453;"Женский спортивный  костюм темно-серый
Ткань: двунитка 
Двунитка - трикотажное. плотное полотно, в котором нити переплетены парами. Этот материал долго служит.устойчив к появлению катышков, а так же не меняет со временем свою форму. 
Размер: 42, 44, 46,      48-50,52-54 + 30 грн
 ";"Код: 01291";https://versal.ua/zhenskaya-odezhda/sportivnye-kostyumy/trikotazhnye/zhenskiy-sportivnyy-kostyum-temno-seryy-1520724792.html
https://versal.ua/images/uploads/image1517325789tX6sjm.jpg;"Женский спортивный  костюм светло-серый";453;"Женский спортивный  костюм светло-серый
Ткань: двунитка 
Двунитка - трикотажное. плотное полотно, в котором нити переплетены парами. Этот материал долго служит.устойчив к появлению катышков, а так же не меняет со временем свою форму. 
Размер: 42, 44, 46,      48-50,52-54 + 30 грн
 ";"Код: 01291";https://versal.ua/zhenskaya-odezhda/sportivnye-kostyumy/trikotazhnye/zhenskiy-sportivnyy-kostyum-svetlo-seryy.html
https://versal.ua/images/uploads/image1517325697AINAnL.jpg;"Спортивный женский костюм темно-серый";528;"Спортивный женский костюм темно-серый
Ткань: двунитка 
Двунитка - трикотажное. плотное полотно, в котором нити переплетены парами. Этот материал долго служит.устойчив к появлению катышков, а так же не меняет со временем свою форму.
Размер: 42, 44, 46,      48-50,52-54 + 30 грн
 ";"Код: 01281";https://versal.ua/zhenskaya-odezhda/sportivnye-kostyumy/trikotazhnye/sportivnyy-zhenskiy-kostyum-temno-seryy.html
https://versal.ua/images/uploads/image1517325695hnYSij.jpg;"Спортивный женский костюм светло-серый";528;"Спортивный женский костюм светло-серый
Ткань: двунитка 
Двунитка - трикотажное. плотное полотно, в котором нити переплетены парами. Этот материал долго служит.устойчив к появлению катышков, а так же не меняет со временем свою форму.
Размер: 42, 44, 46,      48-50,52-54 + 30 грн
 ";"Код: 01281";https://versal.ua/zhenskaya-odezhda/sportivnye-kostyumy/trikotazhnye/sportivnyy-zhenskiy-kostyum-svetlo-seryy-1520726044.html
https://versal.ua/images/uploads/image1517325691DCOomb.jpg;"Спортивный женский костюм персик";528;"Спортивный женский костюм персик
Ткань: двунитка 
Двунитка - трикотажное. плотное полотно, в котором нити переплетены парами. Этот материал долго служит.устойчив к появлению катышков, а так же не меняет со временем свою форму. 
Размер: 42, 44, 46,      48-50,52-54 + 30 грн
 ";"Код: 01281";https://versal.ua/zhenskaya-odezhda/sportivnye-kostyumy/trikotazhnye/sportivnyy-zhenskiy-kostyum-persik.html
https://versal.ua/images/uploads/image1517325679Bqc694.jpg;"Женский спортивный костюм тройка синий";534;"Женский спортивный костюм тройка синий
Ткань: двунитка 
Двунитка - трикотажное. плотное полотно, в котором нити переплетены парами. Этот материал долго служит.устойчив к появлению катышков, а так же не меняет со временем свою форму. 
Размер: 46
 ";"Код: 01270";https://versal.ua/zhenskaya-odezhda/sportivnye-kostyumy/trikotazhnye/zhenskiy-sportivnyy-kostyum-troyka-siniy.html
https://versal.ua/images/uploads/image1517325663FkrEHl.jpg;"Костюм спортивный женский топ+штаны салат";339;"Костюм спортивный женский топ+штаны салат
Ткань: вискоза
Размер: 42, 44, 46,      48-50, 52-54 + 30 грн
 ";"Код: 01272";https://versal.ua/zhenskaya-odezhda/sportivnye-kostyumy/trikotazhnye/kostyum-sportivnyy-zhenskiy-topshtany-salat.html
https://versal.ua/images/uploads/image1517325660K0hccP.jpg;"Костюм спортивный женский топ+штаны мята";339;"Костюм спортивный женский топ+штаны мята
Ткань: вискоза
Размер: 42, 44, 46,      48-50, 52-54 + 30 грн
 ";"Код: 01272";https://versal.ua/zhenskaya-odezhda/sportivnye-kostyumy/trikotazhnye/kostyum-sportivnyy-zhenskiy-topshtany-myata.html
https://versal.ua/images/uploads/image1517325653gB3Kci.jpg;"Костюм женский желетка+штаны мята";477;"Костюм женский желетка+штаны мята
Ткань: двунитка 
Двунитка - трикотажное. плотное полотно, в котором нити переплетены парами. Этот материал долго служит.устойчив к появлению катышков, а так же не меняет со временем свою форму. 
Размер: 42
 ";"Код: 01269";https://versal.ua/zhenskaya-odezhda/sportivnye-kostyumy/trikotazhnye/kostyum-zhenskiy-zheletkashtany-myata.html
https://versal.ua/images/uploads/image1517325649kNJ7YB.jpg;"Костюм женский жилетка+штаны персик";477;"Костюм женский жилетка+штаны персик
Ткань: двунитка 
Двунитка - трикотажное. плотное полотно, в котором нити переплетены парами. Этот материал долго служит.устойчив к появлению катышков, а так же не меняет со временем свою форму. 
Размер: 42
 ";"Код: 01269";https://versal.ua/zhenskaya-odezhda/sportivnye-kostyumy/trikotazhnye/kostyum-zhenskiy-zhiletkashtany-persik.html
https://versal.ua/images/uploads/image1517325558gkv6Nr.jpg;"Костюм женский "" звезды"" черный+светло-серый";518;"Костюм женский "" звезды"" черный+светло-серый
Ткань: двунитка 
Двунитка - трикотажное. плотное полотно, в котором нити переплетены парами. Этот материал долго служит.устойчив к появлению катышков, а так же не меняет со временем свою форму.
Размер: 42, 44, 46,      48-50,52-54 + 30 грн
 ";"Код: 01267";https://versal.ua/zhenskaya-odezhda/sportivnye-kostyumy/trikotazhnye/kostyum-zhenskiy-zvezdy-chernyysvetlo-seryy.html
https://versal.ua/images/uploads/image1517325546dcrZeb.jpg;"Костюм женский "" звезды"" с капюшоном св-серый";555;"Костюм женский "" звезды"" с капюшоном св-серый
Ткань: двунитка 
Двунитка - трикотажное. плотное полотно, в котором нити переплетены парами. Этот материал долго служит.устойчив к появлению катышков, а так же не меняет со временем свою форму. 
Размер: 42, 44, 46,      48-50,52-54, 56-58 + 60 грн
 ";"Код: 01266";https://versal.ua/zhenskaya-odezhda/sportivnye-kostyumy/trikotazhnye/kostyum-zhenskiy-zvezdy-s-kapyushonom-sv-seryy.html
https://versal.ua/images/uploads/image1517325541HojRyl.jpg;"Костюм женский  светло-серый";490;"Костюм женский  светло-серый
Ткань: двунитка 
Двунитка - трикотажное. плотное полотно, в котором нити переплетены парами. Этот материал долго служит.устойчив к появлению катышков, а так же не меняет со временем свою форму
Размер: 42, 44, 46,      48-50,52-54 + 30 грн
 ";"Код: 01264";https://versal.ua/zhenskaya-odezhda/sportivnye-kostyumy/trikotazhnye/kostyum-zhenskiy-svetlo-seryy.html
https://versal.ua/images/uploads/image1517325536zj7HMf.jpg;"Костюм женский  мята";490;"Костюм женский  мята
Ткань: двунитка 
Двунитка - трикотажное. плотное полотно, в котором нити переплетены парами. Этот материал долго служит.устойчив к появлению катышков, а так же не меняет со временем свою форму.
Размер: 42, 44, 46,      48-50,52-54 + 30 грн
 ";"Код: 01264";https://versal.ua/zhenskaya-odezhda/sportivnye-kostyumy/trikotazhnye/kostyum-zhenskiy-myata.html
https://versal.ua/images/uploads/image1517325532BxJPeO.jpg;"Костюм женский  персик";490;"Костюм женский  персик
Ткань: двунитка 
Двунитка - трикотажное. плотное полотно, в котором нити переплетены парами. Этот материал долго служит.устойчив к появлению катышков, а так же не меняет со временем свою форму.
Размер: 42, 44, 46,      48-50,52-54 + 30 грн
 ";"Код: 01264";https://versal.ua/zhenskaya-odezhda/sportivnye-kostyumy/trikotazhnye/kostyum-zhenskiy-persik.html
https://versal.ua/images/uploads/image1517325306VwKFtP.jpg;"Костюм спортивный летний  салат";448;"Костюм спортивный летний  салат
Ткань:  масло
Размер: 42, 44, 46,       48-50, 52-54 + 30 грн
 ";"Код: 01200";https://versal.ua/zhenskaya-odezhda/sportivnye-kostyumy/trikotazhnye/kostyum-sportivnyy-letniy-salat.html
https://versal.ua/images/uploads/image15173252058UUX8N.jpg;"Летний спортивный костюм  электрик";490;"Летний спортивный костюм  электрик
Ткань: двунитка + масло
Размер: 42
 ";"Код: 01199";https://versal.ua/zhenskaya-odezhda/sportivnye-kostyumy/trikotazhnye/letniy-sportivnyy-kostyum-elektrik.html
https://versal.ua/images/uploads/image15173252015nF1zs.jpg;"Летний спортивный костюм  черный";490;"Летний спортивный костюм  черный
Ткань: двунитка + масло
Размер: 42
 ";"Код: 01199";https://versal.ua/zhenskaya-odezhda/sportivnye-kostyumy/trikotazhnye/letniy-sportivnyy-kostyum-chernyy.html
https://versal.ua/images/uploads/image1517325189wQRN0k.jpg;"Спортивный костюм  с бриджами черный";427;"Спортивный костюм  с бриджами черный
Ткань: вискоза 
Размер: 42, 44, 46, 48-50, 52-54 
 
 ";"Код: 01189";https://versal.ua/zhenskaya-odezhda/sportivnye-kostyumy/trikotazhnye/sportivnyy-kostyum-s-bridzhami-chernyy.html
https://versal.ua/images/uploads/image1517325157vqMAE0.jpg;"Костюм женский летний с шортами салат";339;"Костюм женский летний с шортами салат
Ткань:  масло
Размер: 42, 44, 46        48-50, 52-54 + 30 грн
 
 ";"Код: 01201";https://versal.ua/zhenskaya-odezhda/sportivnye-kostyumy/trikotazhnye/kostyum-zhenskiy-letniy-s-shortami-salat.html
https://versal.ua/images/uploads/image1517325070qLzur5.jpg;"Спортивный костюм  голубой";503;"Спортивный костюм  голубой
Ткань: двунитка + вискоза 
Размер: 42
 ";"Код: 01177";https://versal.ua/zhenskaya-odezhda/sportivnye-kostyumy/trikotazhnye/sportivnyy-kostyum-goluboy.html
https://versal.ua/images/uploads/image15173250674L2ElO.jpg;"Спортивный костюм  темно-синий";503;"Спортивный костюм  темно-синий
Ткань: двунитка + вискоза 
Размер: 42
 ";"Код: 01177";https://versal.ua/zhenskaya-odezhda/sportivnye-kostyumy/trikotazhnye/sportivnyy-kostyum-temno-siniy.html
https://versal.ua/images/uploads/image1517325063w6mRZZ.jpg;"Спортивный костюм  мятный";503;"Спортивный костюм  мятный
Ткань: двунитка + вискоза 
Размер: 42
 ";"Код: 01177";https://versal.ua/zhenskaya-odezhda/sportivnye-kostyumy/trikotazhnye/sportivnyy-kostyum-myatnyy.html
https://versal.ua/images/uploads/image1517325013g6H0Pm.jpg;"Спортивный костюм женский белый";528;"Спортивный костюм женский белый
Ткань: двунитка 
Размер: 42, 44, 46,      48-50,52-54 + 30 грн
 ";"Код: 01181";https://versal.ua/zhenskaya-odezhda/sportivnye-kostyumy/trikotazhnye/sportivnyy-kostyum-zhenskiy-belyy.html
https://versal.ua/images/uploads/image1517325009MFLk9F.jpg;"Спортивный костюм женский красный";528;"Спортивный костюм женский красный
Ткань: двунитка 
Размер: 42, 44, 46,      48-50,52-54 + 30 грн
 ";"Код: 01181";https://versal.ua/zhenskaya-odezhda/sportivnye-kostyumy/trikotazhnye/sportivnyy-kostyum-zhenskiy-krasnyy.html
https://versal.ua/images/uploads/image1517325007RQqjoj.jpg;"Спортивный костюм женский бежевый";502;"Спортивный костюм женский бежевый
Ткань: двунитка 
Размер: 42
 ";"Код: 01175";https://versal.ua/zhenskaya-odezhda/sportivnye-kostyumy/trikotazhnye/sportivnyy-kostyum-zhenskiy-bezhevyy.html
https://versal.ua/images/uploads/image1517325005XSV0lh.jpg;"Спортивный костюм женский малина";502;"Спортивный костюм женский малина
Ткань: двунитка 
Размер: 42, 52-54 
 ";"Код: 01175";https://versal.ua/zhenskaya-odezhda/sportivnye-kostyumy/trikotazhnye/sportivnyy-kostyum-zhenskiy-malina.html
https://versal.ua/images/uploads/image1517325002nqbmj9.jpg;"Спортивный костюм женский мятный";502;"Спортивный костюм женский мятный
Ткань: двунитка 
Размер: 42, 44
 
 ";"Код: 01175";https://versal.ua/zhenskaya-odezhda/sportivnye-kostyumy/trikotazhnye/sportivnyy-kostyum-zhenskiy-myatnyy.html
https://versal.ua/images/uploads/image1517324440lNaXKI.jpg;"Женский трикотажный костюм  с гипюром голубой";551;"Женский трикотажный костюм  с гипюром голубой
Ткань: двухнитка х/б + гипюр
Двухнитка трикотаж ?  мягкое податливое полотно особого переплетения. Эластан, входящий в небольшой пропорции наряду с хлопковыми и полиэстеровыми волокнами в состав материи, наделил ткань эластичностью 
Размер: 44
 ";"Код: 01105";https://versal.ua/zhenskaya-odezhda/sportivnye-kostyumy/trikotazhnye/zhenskiy-trikotazhnyy-kostyum-s-gipyurom-goluboy.html
https://versal.ua/images/uploads/image1517324438dfSp57.jpg;"Женский трикотажный костюм  с гипюром черный";551;"Женский трикотажный костюм  с гипюром черный
Ткань: двухнитка х/б + гипюр
Двухнитка трикотаж ?  мягкое податливое полотно особого переплетения. Эластан, входящий в небольшой пропорции наряду с хлопковыми и полиэстеровыми волокнами в состав материи, наделил ткань эластичностью 
Размер: 42, 44, 46       52-54 ? +30 грн
 ";"Код: 01105";https://versal.ua/zhenskaya-odezhda/sportivnye-kostyumy/trikotazhnye/zhenskiy-trikotazhnyy-kostyum-s-gipyurom-chernyy.html
https://versal.ua/images/uploads/image1517324420ggntdU.jpg;"Костюм спортивный цветы";568;"Костюм спортивный цветы
Ткань:  микромасло
Размеры:  44, 48-50
 ";"Код: 01009";https://versal.ua/zhenskaya-odezhda/sportivnye-kostyumy/trikotazhnye/kostyum-sportivnyy-tsvety.html
https://versal.ua/images/uploads/image1517324074TYNWkd.jpg;"Спортивный костюм женский с лампасами светло-серый";590;"Спортивный костюм женский с лампасами светло-серый
Ткань: двухнитка х/б
Двухнитка трикотаж ?  мягкое податливое полотно особого переплетения. Эластан, входящий в небольшой пропорции наряду с хлопковыми и полиэстеровыми волокнами в состав материи, наделил ткань эластичностью 
Размер:  44       48-50+30 грн
 ";"Код: 01039";https://versal.ua/zhenskaya-odezhda/sportivnye-kostyumy/trikotazhnye/sportivnyy-kostyum-zhenskiy-s-lampasami-svetlo-seryy.html
https://versal.ua/images/uploads/image1517324070SsaOQE.jpg;"Спортивный костюм женский с лампасами черный";590;"Спортивный костюм женский с лампасами черный
Ткань: двухнитка х/б
Двухнитка трикотаж ?  мягкое податливое полотно особого переплетения. Эластан, входящий в небольшой пропорции наряду с хлопковыми и полиэстеровыми волокнами в состав материи, наделил ткань эластичностью 
Размер: 42
 ";"Код: 01039";https://versal.ua/zhenskaya-odezhda/sportivnye-kostyumy/trikotazhnye/sportivnyy-kostyum-zhenskiy-s-lampasami-chernyy.html
https://versal.ua/images/uploads/image1517324064GokfcG.jpg;"Спортивный костюм женский на молнии мята+черный";550;"Спортивный костюм женский на молнии мята+черный
Ткань: двухнитка х/б
Двухнитка трикотаж ?  мягкое податливое полотно особого переплетения. Эластан, входящий в небольшой пропорции наряду с хлопковыми и полиэстеровыми волокнами в состав материи, наделил ткань эластичностью 
Размер: 42, 44, 46       48-50, 52-54 ? +30 грн
 ";"Код: 01001";https://versal.ua/zhenskaya-odezhda/sportivnye-kostyumy/trikotazhnye/sportivnyy-kostyum-zhenskiy-na-molnii-myatachernyy.html
https://versal.ua/images/uploads/image1517324062bZn2rw.jpg;"Спортивный костюм женский на молнии синий+т-серый";550;"Спортивный костюм женский на молнии синий+т-серый
Ткань: двухнитка х/б
Двухнитка трикотаж ?  мягкое податливое полотно особого переплетения. Эластан, входящий в небольшой пропорции наряду с хлопковыми и полиэстеровыми волокнами в состав материи, наделил ткань эластичностью 
Размер: 42, 44, 46       48-50, 52-54 +30 грн
 ";"Код: 01001";https://versal.ua/zhenskaya-odezhda/sportivnye-kostyumy/trikotazhnye/sportivnyy-kostyum-zhenskiy-na-molnii-siniyt-seryy.html
https://versal.ua/images/uploads/image1517323947ljaogF.jpg;"Трикотажный костюм женский черный";550;"Костюм женский тройка: брюки+кофта+майка
Ткань: французский трикотаж
Французский трикотаж ?  обладает прекрасной растяжимостью, а рыхлая структура придает трикотажу мягкость и несминаемость
Размер: 46       
 
 ";"Код: 00998";https://versal.ua/zhenskaya-odezhda/sportivnye-kostyumy/trikotazhnye/trikotazhnyy-kostyum-zhenskiy-chernyy.html
https://versal.ua/images/uploads/image1517323939Ib7hhk.jpg;"Спортивный костюм женский черный";471;"Спортивный костюм женский черный
Ткань: двухнитка х/б
Размер: 42
 
 ";"Код: 00979";https://versal.ua/zhenskaya-odezhda/sportivnye-kostyumy/trikotazhnye/sportivnyy-kostyum-zhenskiy-chernyy.html
https://versal.ua/images/uploads/image1517323937yozG57.jpg;"Спортивный костюм женский светло-серый";471;"Спортивный костюм женский светло-серый
Ткань: двухнитка х/б
Размер: 42
 
 ";"Код: 00979";https://versal.ua/zhenskaya-odezhda/sportivnye-kostyumy/trikotazhnye/sportivnyy-kostyum-zhenskiy-svetlo-seryy.html
https://versal.ua/images/uploads/image15173239369NrKGK.jpg;"Спортивный костюм женский мята";471;"Спортивный костюм женский мята
Ткань: двухнитка х/б
Размер: 42,  46       
 ";"Код: 00979";https://versal.ua/zhenskaya-odezhda/sportivnye-kostyumy/trikotazhnye/sportivnyy-kostyum-zhenskiy-myata.html
https://versal.ua/images/uploads/image1517323816Vcd0sx.jpg;"Костюм женский с бриджами салат";407;"Костюм женский с бриджами
Ткань: турецкий эластиный трикотаж
Размеры:  44, 56-58
 
 ";"Код: 00703";https://versal.ua/zhenskaya-odezhda/sportivnye-kostyumy/trikotazhnye/kostyum-zhenskiy-s-bridzhami.html
https://versal.ua/images/uploads/image1517323784YtRcLt.jpg;"Костюм молодежный с бриджами белый";457;"Костюм молодежный с бриджами белый
Ткань: турецкая вискоза 
Вискоза ?  натуральная (хлопковая) ткань с добавлением синтетического волокна,  приятна на ощупь, гигроскопична, воздухопроницаемая  
Размер: 42, 44
 ";"Код: 00931";https://versal.ua/zhenskaya-odezhda/sportivnye-kostyumy/trikotazhnye/kostyum-molodezhnyy-s-bridzhami-belyy.html
https://versal.ua/images/uploads/image1517323781VeAAvZ.jpg;"Костюм молодежный с бриджами черный";457;"Костюм молодежный с бриджами черный
Ткань: турецкая вискоза 
Вискоза ?  натуральная (хлопковая) ткань с добавлением синтетического волокна,  приятна на ощупь, гигроскопична, воздухопроницаемая  
Размер: 42, 48-50,
 ";"Код: 00931";https://versal.ua/zhenskaya-odezhda/sportivnye-kostyumy/trikotazhnye/kostyum-molodezhnyy-s-bridzhami-chernyy.html
https://versal.ua/images/uploads/image15173237787pyE9L.jpg;"Костюм молодежный с бриджами синий";457;"Костюм молодежный с бриджами синий
Ткань: турецкая вискоза 
Вискоза ?  натуральная (хлопковая) ткань с добавлением синтетического волокна,  приятна на ощупь, гигроскопична, воздухопроницаемая  
Размер: 42
 ";"Код: 00931";https://versal.ua/zhenskaya-odezhda/sportivnye-kostyumy/trikotazhnye/kostyum-molodezhnyy-s-bridzhami-siniy.html
https://versal.ua/images/uploads/image1517323776nh8Qaq.jpg;"Костюм женский футболка с бриджами черный";457;"Костюм женский футболка с бриджами черный
Ткань: турецкая вискоза 
Вискоза ?  натуральная (хлопковая) ткань с добавлением синтетического волокна,  приятна на ощупь, гигроскопична, воздухопроницаемая  
Размер: 42,  46
 ";"Код: 00930";https://versal.ua/zhenskaya-odezhda/sportivnye-kostyumy/trikotazhnye/kostyum-zhenskiy-futbolka-s-bridzhami-chernyy.html
https://versal.ua/images/uploads/image1517323773b5R9x1.jpg;"Костюм женский футболка с бриджами синий";457;"Костюм женский футболка с бриджами синий
Ткань: турецкая вискоза 
Вискоза ?  натуральная (хлопковая) ткань с добавлением синтетического волокна,  приятна на ощупь, гигроскопична, воздухопроницаемая  
Размер: 42
 ";"Код: 00930";https://versal.ua/zhenskaya-odezhda/sportivnye-kostyumy/trikotazhnye/kostyum-zhenskiy-futbolka-s-bridzhami-siniy.html
https://versal.ua/images/uploads/image1517323770HDoDeU.jpg;"Костюм женский футболка с бриджами розовый";457;"Костюм женский футболка с бриджами розовый
Ткань: турецкая вискоза 
Вискоза ?  натуральная (хлопковая) ткань с добавлением синтетического волокна,  приятна на ощупь, гигроскопична, воздухопроницаемая  
Размер: 46, 48-50
 ";"Код: 00930";https://versal.ua/zhenskaya-odezhda/sportivnye-kostyumy/trikotazhnye/kostyum-zhenskiy-futbolka-s-bridzhami-rozovyy.html
https://versal.ua/images/uploads/image1517323768vNW68k.jpg;"Костюм женский футболка с бриджами мята";457;"Костюм женский футболка с бриджами мята
Ткань: турецкая вискоза 
Вискоза ?  натуральная (хлопковая) ткань с добавлением синтетического волокна,  приятна на ощупь, гигроскопична, воздухопроницаемая  
Размер: 44
 ";"Код: 00930";https://versal.ua/zhenskaya-odezhda/sportivnye-kostyumy/trikotazhnye/kostyum-zhenskiy-futbolka-s-bridzhami-myata.html
https://versal.ua/images/uploads/image15173237226mjAUv.jpg;"Костюм женский майка+капри  черный";457;"Костюм женский майка+капри  черный
Ткань: турецкая вискоза 
Вискоза ?  натуральная (хлопковая) ткань с добавлением синтетического волокна,  приятна на ощупь, гигроскопична, воздухопроницаемая  
Размер: 42
 ";"Код: 00926";https://versal.ua/zhenskaya-odezhda/sportivnye-kostyumy/trikotazhnye/kostyum-zhenskiy-maykakapri-chernyy.html
https://versal.ua/images/uploads/image1517323720UancNH.jpg;"Костюм женский майка+капри  белый";457;"Костюм женский майка+капри  белый
Ткань: турецкая вискоза 
Вискоза ?  натуральная (хлопковая) ткань с добавлением синтетического волокна,  приятна на ощупь, гигроскопична, воздухопроницаемая  
Размер: 42
 ";"Код: 00926";https://versal.ua/zhenskaya-odezhda/sportivnye-kostyumy/trikotazhnye/kostyum-zhenskiy-maykakapri-belyy.html
https://versal.ua/images/uploads/image1517323710GPUIoR.jpg;"Костюм женский майка с шортами салат";338;"Костюм женский майка с шортами салат
Ткань:  микромасло
Микромасло – тонкая, эластичная, мягкая, струящаяся  ткань, в основе ткани лежит полиэстер, он помогает вещам сохранять свою форму, предотвращает деформирование,  вискоза в составе придает ткани натурального блеска и шелковистости.
Размеры: 42, 44, 46.
 ";"Код: 00933";https://versal.ua/zhenskaya-odezhda/sportivnye-kostyumy/trikotazhnye/kostyum-zhenskiy-mayka-s-shortami-salat.html
https://versal.ua/images/uploads/image1517323707ETQowg.jpg;"Костюм женский майка с шортами коралл";338;"Костюм женский майка с шортами коралл
Ткань:  микромасло
Микромасло – тонкая, эластичная, мягкая, струящаяся  ткань, в основе ткани лежит полиэстер, он помогает вещам сохранять свою форму, предотвращает деформирование,  вискоза в составе придает ткани натурального блеска и шелковистости.
Размеры: 46, 48-50
 ";"Код: 00933";https://versal.ua/zhenskaya-odezhda/sportivnye-kostyumy/trikotazhnye/kostyum-zhenskiy-mayka-s-shortami-korall.html
https://versal.ua/images/uploads/image1517323705uFdy2b.jpg;"Костюм женский майка с шортами розовый";338;"Костюм женский майка с шортами розовый
Ткань:  микромасло
Микромасло – тонкая, эластичная, мягкая, струящаяся  ткань, в основе ткани лежит полиэстер, он помогает вещам сохранять свою форму, предотвращает деформирование,  вискоза в составе придает ткани натурального блеска и шелковистости.
Размеры: 42, 52-54
 ";"Код: 00933";https://versal.ua/zhenskaya-odezhda/sportivnye-kostyumy/trikotazhnye/kostyum-zhenskiy-mayka-s-shortami-rozovyy.html
https://versal.ua/images/uploads/image1517323587obWeKn.jpg;"Костюм спортивный женский с бриджами черный";471;"Костюм спортивный женский с бриджами черный
Ткань: турецкая вискоза 
Вискоза ?  натуральная (хлопковая) ткань с добавлением синтетического волокна,  приятна на ощупь, гигроскопична, воздухопроницаемая  
Размер: 42, 44,48-50
 ";"Код: 00883";https://versal.ua/zhenskaya-odezhda/sportivnye-kostyumy/trikotazhnye/kostyum-sportivnyy-zhenskiy-s-bridzhami-chernyy.html
https://versal.ua/images/uploads/image1517323586kuHX89.jpg;"Костюм спортивный женский с бриджами синий";471;"Костюм спортивный женский с бриджами синий
Ткань: турецкая вискоза 
Вискоза ?  натуральная (хлопковая) ткань с добавлением синтетического волокна,  приятна на ощупь, гигроскопична, воздухопроницаемая  
Размер: 42, 44.
 ";"Код: 00883";https://versal.ua/zhenskaya-odezhda/sportivnye-kostyumy/trikotazhnye/kostyum-sportivnyy-zhenskiy-s-bridzhami-siniy.html
https://versal.ua/images/uploads/image15173235853XyORz.jpg;"Костюм спортивный женский с бриджами коралл";471;"Костюм спортивный женский с бриджами коралл
Ткань: турецкая вискоза 
Вискоза ?  натуральная (хлопковая) ткань с добавлением синтетического волокна,  приятна на ощупь, гигроскопична, воздухопроницаемая  
Размер: 42, 44, 46, 48-50, 52-54, 56-58
 ";"Код: 00883";https://versal.ua/zhenskaya-odezhda/sportivnye-kostyumy/trikotazhnye/kostyum-sportivnyy-zhenskiy-s-bridzhami-korall.html
https://versal.ua/images/uploads/image15173234474zlSBG.jpg;"Спортивный костюм женский темно-серый";524;"Ткань: двухнитка х/б
Размер: 42.
 ";"Код: 00834";https://versal.ua/zhenskaya-odezhda/sportivnye-kostyumy/trikotazhnye/sportivnyy-kostyum-zhenskiy-temno-seryy.html
https://versal.ua/images/uploads/image1517322851pcQpnr.jpg;"Костюм женский с бриджами розовый";407;"Ткань: турецкий эластиный трикотаж
Размеры: 56-58
 ";"Код: 00703";https://versal.ua/zhenskaya-odezhda/sportivnye-kostyumy/trikotazhnye/kostyum-zhenskiy-s-bridzhami-rozovyy.html
